时间	阶段	任务	翻译方	单元	待看	结论	备注
2026-09-23 14:15:04	检查	正文 Johnson - Sci-Hub. INFECTION POTENTIAL AND GROWTH OF LAGENID	豆包	36	0	过	
2026-09-23 18:57:49	复制	正文 Johnson - Sci-Hub. INFECTION POTENTIAL AND GROWTH OF LAGENID	豆包	36	0	已复制	
2026-09-23 18:59:23	检查	正文 Johnson - Sci-Hub. INFECTION POTENTIAL AND GROWTH OF LAGENID	豆包	36	0	未过	翻译方
2026-09-23 19:01:01	检查	正文 Johnson - Sci-Hub. INFECTION POTENTIAL AND GROWTH OF LAGENID	豆包	36	0	过	
2026-09-23 19:19:51	出稿	正文 Johnson - Sci-Hub. INFECTION POTENTIAL AND GROWTH OF LAGENID	豆包	36	0	出稿失败	排版/注入未过
2026-09-23 19:28:09	出稿	正文 Johnson - Sci-Hub. INFECTION POTENTIAL AND GROWTH OF LAGENID	豆包	36	0	已出稿	D:\zotero-pdf2zh\server\translated\Johnson - Sci-Hub. INFECTION POTENTIAL AND GROWTH OF LAGENIDIUM CHTHAMALOPHILUM  American Journal of Botany,-mono.pdf
2026-09-24 16:58:53	复制	正文 Hagihara _ - 2022 - Calcium-mediated rapid movements defend 	DeepSeek 网页版	90	0	已复制	
2026-09-24 17:01:09	检查	正文 Hagihara _ - 2022 - Calcium-mediated rapid movements defend 	DeepSeek 网页版	90	5	未过	翻译方
2026-09-24 17:02:51	检查	正文 Hagihara _ - 2022 - Calcium-mediated rapid movements defend 	DeepSeek 网页版	90	5	未过	翻译方
2026-09-24 17:03:15	检查	正文 Hagihara _ - 2022 - Calcium-mediated rapid movements defend 	DeepSeek 网页版	90	5	未过	翻译方
2026-09-24 17:05:32	检查	正文 Hagihara _ - 2022 - Calcium-mediated rapid movements defend 	DeepSeek 网页版	90	5	未过	翻译方
2026-09-24 17:05:48	检查	正文 Hagihara _ - 2022 - Calcium-mediated rapid movements defend 	DeepSeek 网页版	90	5	未过	翻译方
2026-09-24 17:41:55	检查	正文 Hagihara _ - 2022 - Calcium-mediated rapid movements defend 	DeepSeek 网页版	90	0	未过	翻译方
2026-09-24 17:42:14	检查	正文 Hagihara _ - 2022 - Calcium-mediated rapid movements defend 	DeepSeek 网页版	90	0	未过	翻译方
2026-09-24 18:21:45	检查	正文 Hagihara _ - 2022 - Calcium-mediated rapid movements defend 	DeepSeek 网页版	90	0	未过	翻译方
2026-09-24 18:23:16	检查	正文 Hagihara _ - 2022 - Calcium-mediated rapid movements defend 	DeepSeek 网页版	90	0	过	
2026-09-24 18:23:27	出稿	正文 Hagihara _ - 2022 - Calcium-mediated rapid movements defend 	DeepSeek 网页版	90	0	出稿失败	排版/注入未过
2026-09-24 18:42:55	检查	正文 Hagihara _ - 2022 - Calcium-mediated rapid movements defend 	DeepSeek 网页版	90	0	过	
2026-09-24 18:44:05	出稿	正文 Hagihara _ - 2022 - Calcium-mediated rapid movements defend 	DeepSeek 网页版	90	0	已出稿	D:\zotero-pdf2zh\server\translated\Hagihara 等 - 2022 - Calcium-mediated rapid movements defend against herbivorous insects in Mimosa pudica 3-mono.pdf
2026-09-25 16:19:29	复制	正文 payload_lee2026	DeepSeek 网页版	166	0	已复制	
2026-09-25 16:21:44	检查	正文 payload_lee2026	DeepSeek 网页版	166	0	未过	翻译方
2026-09-25 16:23:27	检查	正文 payload_lee2026	DeepSeek 网页版	166	0	未过	翻译方
2026-09-25 16:24:58	检查	正文 payload_lee2026	DeepSeek 网页版	166	0	过	
2026-09-25 16:25:59	出稿	正文 payload_lee2026	DeepSeek 网页版	166	0	已出稿	D:\zotero-pdf2zh\server\translated\Lee 等 - 2026 - Architecture Carbon Tool v3 Enabling Sustainability-aware Silicon System Design Exploration-mono.pdf
2026-09-27 17:57:36	复制	正文 Bisicchia _ - 2026 - How Many Shots Are Enough for a Quantum	DeepSeek 网页版	463	0	已复制	
2026-09-27 18:00:04	检查	?	DeepSeek 网页版	0	0	编号不齐	「正文 Bisicchia _ - 2026 - How Many Shots Are Enough for a Quantum」期望 463 条 / 读到 365 条  缺 S366 S367 S368 S369 S370 S371 S372 S373 S374 S375 S376 S377…
2026-09-27 18:00:33	检查	?	DeepSeek 网页版	0	0	编号不齐	「正文 Bisicchia _ - 2026 - How Many Shots Are Enough for a Quantum」期望 463 条 / 读到 365 条  缺 S366 S367 S368 S369 S370 S371 S372 S373 S374 S375 S376 S377…
2026-09-27 18:01:25	检查	?	DeepSeek 网页版	0	0	编号不齐	「正文 Bisicchia _ - 2026 - How Many Shots Are Enough for a Quantum」期望 463 条 / 读到 365 条  缺 S366 S367 S368 S369 S370 S371 S372 S373 S374 S375 S376 S377…
2026-09-27 18:03:40	检查	?	DeepSeek 网页版	0	0	编号不齐	「正文 Bisicchia _ - 2026 - How Many Shots Are Enough for a Quantum」期望 463 条 / 读到 98 条  缺 S1 S2 S3 S4 S5 S6 S7 S8 S9 S10 S11 S12…
2026-09-27 18:03:41	检查	?	DeepSeek 网页版	0	0	编号不齐	「正文 Bisicchia _ - 2026 - How Many Shots Are Enough for a Quantum」期望 463 条 / 读到 98 条  缺 S1 S2 S3 S4 S5 S6 S7 S8 S9 S10 S11 S12…
2026-09-27 18:03:41	检查	?	DeepSeek 网页版	0	0	编号不齐	「正文 Bisicchia _ - 2026 - How Many Shots Are Enough for a Quantum」期望 463 条 / 读到 98 条  缺 S1 S2 S3 S4 S5 S6 S7 S8 S9 S10 S11 S12…
2026-09-27 18:03:42	检查	?	DeepSeek 网页版	0	0	编号不齐	「正文 Bisicchia _ - 2026 - How Many Shots Are Enough for a Quantum」期望 463 条 / 读到 98 条  缺 S1 S2 S3 S4 S5 S6 S7 S8 S9 S10 S11 S12…
2026-09-27 18:05:17	检查	正文 Bisicchia _ - 2026 - How Many Shots Are Enough for a Quantum	DeepSeek 网页版	463	4	未过	翻译方
2026-09-27 18:09:40	检查	?	DeepSeek 网页版	0	0	编号不齐	「正文 Bisicchia _ - 2026 - How Many Shots Are Enough for a Quantum」期望 463 条 / 读到 459 条  缺 S460 S461 S462 S463
2026-09-27 18:16:26	检查	正文 Bisicchia _ - 2026 - How Many Shots Are Enough for a Quantum	DeepSeek 网页版	463	4	未过	翻译方
2026-09-27 18:23:49	检查	正文 Bisicchia _ - 2026 - How Many Shots Are Enough for a Quantum	DeepSeek 网页版	463	4	未过	翻译方
2026-09-27 18:24:32	复制	正文 Bisicchia _ - 2026 - How Many Shots Are Enough for a Quantum	DeepSeek 网页版	463	0	已复制	
2026-09-27 18:46:56	检查	正文 Bisicchia _ - 2026 - How Many Shots Are Enough for a Quantum	DeepSeek 网页版	463	3	未过	翻译方
2026-09-27 23:25:40	检查	正文 Bisicchia _ - 2026 - How Many Shots Are Enough for a Quantum	DeepSeek 网页版	463	2	未过	翻译方
2026-09-27 23:25:50	检查	正文 Bisicchia _ - 2026 - How Many Shots Are Enough for a Quantum	DeepSeek 网页版	463	2	未过	翻译方
2026-09-27 23:26:10	检查	正文 Bisicchia _ - 2026 - How Many Shots Are Enough for a Quantum	Kimi	463	2	未过	翻译方
2026-09-28 00:03:27	检查	正文 Bisicchia _ - 2026 - How Many Shots Are Enough for a Quantum	Kimi	463	1	未过	翻译方
2026-09-28 00:15:53	检查	正文 Bisicchia _ - 2026 - How Many Shots Are Enough for a Quantum	Kimi	463	1	未过	翻译方
2026-09-28 00:22:14	检查	正文 Bisicchia _ - 2026 - How Many Shots Are Enough for a Quantum	Kimi	463	1	未过	翻译方
